{"products":[{"id":"0.3465728464947555","qty":2}],"totalPrice":41.98000000000002}